{"cameraMode":{"drawMode":0,"name":"Shaded","section":"Shading Mode"},"sceneLighting":true,"audioPlay":false,"sceneViewState":{"m_AlwaysRefresh":false,"showFog":true,"showSkybox":true,"showFlares":true,"showImageEffects":true,"showParticleSystems":true,"showVisualEffectGraphs":true,"m_FxEnabled":true},"in2DMode":false,"pivot":{"x":-1.2654703855514527,"y":0.4153287708759308,"z":93.0693130493164},"rotation":{"x":-0.006497396156191826,"y":0.026978647336363794,"z":-0.00017387612024322152,"w":-0.9996523857116699},"size":6.8011345863342289,"orthographic":false}